<?xml version="1.0"?>
<menu>
  <item>
    <path>civicrm/simple/donation/configuration</path>
    <page_callback>CRM_SimpleDonate_Form_SimpleDonationSetting</page_callback>
    <title>Simple Donation Configuration</title>
    <access_arguments>administer CiviCRM</access_arguments>
  </item>
  <item>
    <path>civicrm/simple/donation/pages</path>
    <page_callback>CRM_SimpleDonate_Page_SimpleDonationPage</page_callback>
    <title>Simple Donation Configuration</title>
    <access_arguments>access CiviContribute</access_arguments>
  </item>
  <item>
    <path>civicrm/simple/donation/redirect</path>
    <page_callback>CRM_SimpleDonate_Controller_SimpleDonate</page_callback>
    <title>Simple Donation Redirection</title>
    <access_arguments>make online contributions</access_arguments>
    <is_public>true</is_public>
    <is_ssl>true</is_ssl>
  </item>
  <item>
    <path>civicrm/simple</path>
    <page_callback>\Civi\Angular\Page\Main</page_callback>
    <title>Simple Donation Page</title>
    <access_arguments>make online contributions</access_arguments>
    <weight>0</weight>
    <is_ssl>true</is_ssl>
    <is_public>true</is_public>
  </item>
  <item>
    <path>civicrm/simple/contribute/transact</path>
    <page_callback>CRM_SimpleDonate_Form_SimpleDonationSetting::transactDonation</page_callback>
    <path_arguments>cid=%%cid%%</path_arguments>
    <title>Simple Donation Page</title>
    <access_arguments>make online contributions</access_arguments>
    <weight>0</weight>
    <is_ssl>true</is_ssl>
    <is_public>true</is_public>
  </item>
</menu>
